ArcGIS, ArcGIS: 高级程序员  平台  拓扑规则, []
Forecasters, 预报员
预告员
气象预报
预测员, []
Hispanic, adj. 西班牙的, [hi'spænik]
January, n. 一月, ['dʒænjʊ(ə)rɪ]
Mediterranean, n. 地中海
adj. 地中海的, [,mɛdətə'renɪən]
a bit of, 一点, []
abandon, n. 狂热；放任
vt. 遗弃；放弃, [ə'bænd(ə)n]
abatis, n. 鹿砦；有刺铁丝网, ['æbətɪs]
abbreviations, n. [语] 缩写词，缩略语；[语] 缩写（abbreviation的复数）, []
above, prep. 超过；在……上面；在……之上
adv. 在上面；在上文
adj. 上文的
n. 上文, [ə'bʌv]
acceleration, n. 加速，促进；[物] 加速度, [ək'sɛlə'reʃən]
accessible, adj. 易接近的；可进入的；可理解的, [ək'sesɪb(ə)l]
accompanying, adj. 陪伴的；附随的
v. 伴随（accompany的ing形式）, [ə'kʌmpənɪɪŋ]
accomplished, adj. 完成的；熟练的，有技巧的；有修养的；有学问的, [ə'kʌmplɪʃt; ə'kɒm-]
accumulate, vi. 累积；积聚
vt. 积攒, [ə'kjuːmjʊleɪt]
accumulation, n. 积聚，累积；堆积物, [əkjuːmjʊ'leɪʃ(ə)n]
acknowledgment, n. 感谢；承认；承认书, [ək'nɒlɪdʒmənt]
act, vt. 扮演；装作，举动像
vi. 行动；扮演，充当；表现，举止；假装，演戏；起作用，见效
n. 行为，行动；法令，法案；（戏剧，歌剧的）一幕，段；装腔作势, [ækt]
adequate, adj. 充足的；适当的；胜任的, ['ædɪkwət]
adoption, n. 采用；收养；接受, [ə'dɒpʃ(ə)n]
aggressive, adj. 侵略性的；好斗的；有进取心的；有闯劲的, [ə'ɡresiv]
agnostic, n. 不可知论者 adj. 不可知论的；怀疑的 , []
algorithm, n. [计][数] 算法，运算法则, ['ælgərɪð(ə)m]
alignment, n. 队列，成直线；校准；结盟, [ə'laɪnm(ə)nt]
alliance, n. 联盟，联合；联姻, [ə'laɪəns]
allure, v. 吸引；引诱
n. 诱惑力；引诱力；吸引力
n. (Allure) （俄、美、印）艾罗尔（人名）, [əˈlʊər]
ambiguities, 歧义
模棱两可, []
ambiguity, n. 含糊；不明确；暧昧；模棱两可的话, [æmbɪ'gjuːɪtɪ]
anonymity, n. 匿名；匿名者；无名之辈, [ænə'nɪmɪtɪ]
antagonism, n. 对抗，敌对；对立；敌意, [æn'tæg(ə)nɪz(ə)m]
anti-pattern, 反面模式 , 
anticipation, n. 希望；预感；先发制人；预支, [æntɪsɪ'peɪʃ(ə)n]
antonyms, n.[语] 反义词（antonym的复数形式）；反义字, []
apparent, adj. 显然的；表面上的, [ə'pær(ə)nt]
appropriate, adj. 适当的
vt. 占用；拨出, [ə'prəʊprɪət]
architect, n. 建筑师, ['ɑːkɪtekt]
architecture, n. 建筑学；建筑风格；建筑式样, ['ɑːkɪtektʃə]
arrest, n. 逮捕；监禁 
vt. 逮捕；阻止；吸引, [ə'rest]
as a rule of thumb, 根据经验；一般说来 , []
assit, abbr. 助理（assistant）, []
assume, vt. 承担；假定；采取；呈现
vi. 装腔作势；多管闲事, [ə'sjuːm]
asymptotic, adj. 渐近的；渐近线的, [,æsɪmp'tɒtɪk]
average-looking, 外表普通的, 
awfully, adv. 可怕地；十分；非常；很, ['ɔːfʊlɪ]
awkward, adj. 尴尬的；笨拙的；棘手的；不合适的, ['ɔːkwəd]
backtrack, vi. [计] 回溯；由原路返回；放弃
vt. 追踪；循迹调查, ['bæktræk]
behalf, n. 代表；利益, [bɪ'hɑːf]
betray, vt.背叛；出卖；泄露（秘密）；露出…迹象, [bɪˈtreɪ]
boilerplate, n. 样板文件；引用, ['bɒɪləpleɪt]
brief, adj. 简短的，简洁的；短暂的，草率的
n. 摘要，简报；概要，诉书
vt. 简报，摘要；作…的提要, [briːf]
brute, adj. 残忍的；无理性的
n. 畜生；残暴的人, [bruːt]
buddies, n. 伙伴，好朋友（buddy的复数形式） 
v. 交朋友（buddy的第三人称单数形式）, []
bump, n. 肿块，隆起物；撞击 vi. 碰撞，撞击；颠簸而行 vt. 碰，撞；颠簸 adv. 突然地，猛烈地 n. (Bump)人名；(英、西)邦普 , []
bypass, vt. 绕开；忽视；设旁路；迂回
n. 旁路；[公路] 支路, ['baɪpɑːs]
campaign, vi. 作战；参加竞选；参加活动 
n. 运动；活动；战役, [kæm'peɪn]
capacity, n. 能力；容量；资格，地位；生产力, [kə'pæsɪtɪ]
capture, vt. 俘获；夺得
n. 捕获；战利品，俘虏, ['kæptʃə]
caution, n. 小心，谨慎；警告，警示 
vt. 警告, ['kɔːʃ(ə)n]
certain, adj. 某一；必然的；确信；无疑的；有把握的 
pron. 某些；某几个, ['sɜːt(ə)n; -tɪn]
chart, n. 图表；海图；图纸 
vt. 绘制…的图表；在海图上标出；详细计划, [tʃɑːt]
chunk, n. 大块；矮胖的人或物, [tʃʌŋk]
circumstance, n. 环境，情况；事件；境遇, ['sɜːkəmst(ə)ns]
clarify, vt. 澄清；阐明
vi. 得到澄清；变得明晰；得到净化, ['klærɪfaɪ]
cleavage, n.劈开，分裂；[晶体] 解理；[胚] 卵裂, [ˈkliːvɪdʒ]
coexist, vi. 共存；和平共处, [,kəʊɪg'zɪst]
coherent, adj. 连贯的，一致的；明了的；清晰的；凝聚性的；互相偶合的；粘在一起的, [kə(ʊ)'hɪər(ə)nt]
colleague, n. 同事，同僚, ['kɒliːg]
commitent, 许诺, []
commitment, n. 承诺，保证；委托；承担义务；献身, [kə'mɪtm(ə)nt]
compensate, vi. 补偿，赔偿；抵消
vt. 补偿，赔偿；付报酬, ['kɒmpenseɪt]
composition, n. 作文，作曲，作品；[材] 构成；合成物；成分, [kɒmpə'zɪʃ(ə)n]
compound, vt. 合成；混合；和解妥协；搀合
vi. 和解；妥协
n. [化学] 化合物；混合物；复合词
adj. 复合的；混合的, ['kɒmpaʊnd]
comprehensive, adj. 综合的；广泛的；有理解力的
n. 综合学校；专业综合测验, [kɒmprɪ'hensɪv]
concealed, adj. 隐蔽的，隐匿的, [kən'si:ld]
concern, vt. 涉及，关系到；使担心
n. 关系；关心；关心的事, [kən'sɜːn]
concrete, adj. 混凝土的；实在的，具体的；有形的
vi. 凝结
vt. 使凝固；用混凝土修筑
n. 具体物；凝结物, ['kɒŋkriːt]
confess, vt. 承认；坦白；忏悔；供认 vi. 承认；坦白；忏悔；供认 , []
confort, 使（痛苦等）缓和
使舒适
安慰
使人舒服的事物
给予援助或安慰的人或事
安慰
舒适, []
consequence, n. 结果；重要性；推论, ['kɒnsɪkw(ə)ns]
conservative, adj. 保守的 n. 保守派，守旧者 , 
consolidate, vt. 巩固，使固定；联合
vi. 巩固，加强, [kən'sɒlɪdeɪt]
consolidating, 巩固, []
context, n. 环境；上下文；来龙去脉, ['kɒntekst]
continuous, adj. 连续的，持续的；继续的；连绵不断的, [kən'tɪnjʊəs]
contribution, n. 贡献；捐献；投稿, [kɒntrɪ'bjuːʃ(ə)n]
coordinated, adj. 协调的 
vt. 调整；使调和（coordinate的过去分词）；调节；整理, [kəu'ɔ:dineitid]
correspond, vi. 符合，一致；相应；通信, [kɒrɪ'spɒnd]
counter-intuitively, 与我们的直觉相反的是 万万没想到 , 
coupling, n. [电] 耦合；结合，联结
v. 连接（couple的ing形式）, ['kʌplɪŋ]
courtroom, n. 法庭；审判室, ['kɔːtruːm; -rʊm]
cover, vt. 包括；采访，报导；涉及
n. 封面，封皮；盖子；掩蔽物
vi. 覆盖；代替, ['kʌvə]
crisis, n. 危机；危险期；决定性时刻 
adj. 危机的；用于处理危机的, ['kraisis]
criteria, n. 标准，条件（criterion的复数）, [krai'tiəriə]
critical, adj. 鉴定的；[核] 临界的；批评的，爱挑剔的；危险的；决定性的；评论的, ['krɪtɪk(ə)l]
crucial, adj. 重要的；决定性的；定局的；决断的, ['kruːʃ(ə)l]
culprit, n. 犯人，罪犯；被控犯罪的人, ['kʌlprɪt]
debate, vt. 辩论，争论，讨论
vi. 辩论，争论，讨论
n. 辩论；辩论会, [dɪ'beɪt]
debt, n. 债务；借款；罪过, [det]
decimal, adj. 小数的；十进位的 
n. 小数, ['desɪm(ə)l]
defense, n. 防卫，防护；防御措施；防守；vt. 谋划抵御, [dɪ'fɛns]
deferred, v. 推迟（defer的过去式及过去分词形式） 
adj. 延期的, [dɪ'fɜːd]
delegate, vt. 委派…为代表
n. 代表, ['delɪgət]
deliberately, adv. 故意地；谨慎地；慎重地, [dɪ'lɪbərətli]
deliver, vt. 交付；发表；递送；释放；给予（打击）；给…接生
vi. 实现；传送；履行；投递
n. 投球, [dɪ'lɪvə]
denounced, v. 谴责；揭发；声明…无效（denounce的过去分词） 
adj. 公开抨击的, []
dense, adj. 稠密的；浓厚的；愚钝的, [dens]
deodorizing, n. 脱臭；脱臭整理
v. 为…脱臭（deodorize的现在分词）, [di:'əudəraiziŋ]
deploying, v. 部署（deploy的ing形式）；配置；展开 
n. 分发, []
deposit, n. 存款；保证金；沉淀物
vt. 使沉积；存放
vi. 沉淀, [dɪ'pɒzɪt]
derive, vt. 源于；得自；获得 vi. 起源 n. （Derive）（法）德里夫（人名） , 
destination, n. 目的地，终点, [,destɪ'neɪʃ(ə)n]
detachment, n. 分离，拆开；超然；分遣；分遣队, [dɪ'tætʃm(ə)nt]
devote, vt. 致力于；奉献, [dɪ'vəʊt]
dialogue, n. 对话；意见交换
vi. 对话
vt. 用对话表达, ['daɪəlɒg]
directed, adj. 定向的；经指导的；被控制的
v. 指导；管理（direct的过去式和过去分词）, [dɪ'rektɪd]
discontent, n. 不满
adj. 不满的
vt. 使不满, [dɪskən'tent]
disorder, n. 混乱；骚乱 
vt. 使失调；扰乱, [dɪs'ɔːdə]
disposable, adj. 可任意处理的；可自由使用的；用完即可丢弃的 , []
distinction, n. 区别；差别；特性；荣誉、勋章, [dɪ'stɪŋ(k)ʃ(ə)n]
distinctions, 区别, []
distinguish, vt. 区分；辨别；使杰出，使表现突出
vi. 区别，区分；辨别, [dɪ'stɪŋgwɪʃ]
distinguished, adj. 著名的；卓著的；高贵的
v. 区别（distinguish的过去式）, [dɪ'stɪŋgwɪʃt]
distract, vt. 转移；分心, [dɪ'strækt]
disturbing, adj. 令人不安的；烦扰的
v. 干扰；打断（disturb的ing形式）, [dɪ'stɜːbɪŋ]
diverge, vi. 分歧；偏离；分叉；离题 
vt. 使偏离；使分叉, [daɪ'vɜːdʒ; dɪ-]
downtown, n. 市中心区；三分线以外 
adj. 市中心的 
adv. 往闹市区；在市区, ['daʊntaʊn]
dozen, n. 十二个，一打
adj. 一打的, ['dʌz(ə)n]
draft, n. 草稿；汇票；草图；[篮球]选秀
vt. 起草，设计；为...打样, [drɑːft]
drastically, adv. 彻底地；激烈地, ['dræstikəli]
duplicate, vt. 复制；使加倍
n. 副本；复制品
adj. 复制的；二重的
vi. 复制；重复, [ˈdjuːplɪkeɪt]
dwarf, n. 侏儒，矮子 
adj. 矮小的 
vt. 使矮小 
vi. 变矮小, [dwɔːf]
ease, n. 轻松，舒适；安逸，悠闲 
vt. 减轻，缓和；使安心 
vi. 减轻，缓和；放松；灵活地移动, [iːz]
ecosystem, n. 生态系统, ['iːkəʊsɪstəm]
egotistical, adj.任性的；自我本位的；傲慢自尊的, 
either, adj. 两者之中任一的；两者之中每一的
prep. 任何一个
conj. 也（用于否定句或否定词组后）；根本
pron. 任一，两方，随便哪一个；两者中的一个或另一个, ['aɪðə; 'iː-]
elegance, n. 典雅；高雅, ['elɪg(ə)ns]
elegant, adj. 高雅的，优雅的；讲究的, ['elɪg(ə)nt]
eliminate, vt. 消除；排除, [ɪ'lɪmɪneɪt]
embellishment, n. 装饰，修饰；润色, [ɪm'belɪʃmənt]
emerged, vt. 出现（emerge的过去分词）；浮现，暴露, []
emergency, n. 紧急情况；突发事件；非常时刻 
adj. 紧急的；备用的, [ɪ'mɜːdʒ(ə)nsɪ]
emphasize, vt. 强调，着重, ['ɛmfəsaɪz]
empowers, 授权;
使能够（empower的第三人称单数）, []
enamored, adj. 迷恋的；倾心的
v. 迷住，使迷恋（enamor的过去分词形式）, [en'æməd]
encapsulate, vt. 压缩；将…装入胶囊；将…封进内部
vi. 形成胶囊, [ɪn'kæpsjʊleɪt; en-]
encapsulation, n. 封装；包装, [ɪn,kæpsə'leɪʃən]
enclosure, n. 附件；围墙；围场, [ɪn'kləʊʒə; en-]
encounter, vt. 遭遇，邂逅；遇到
n. 遭遇，偶然碰见
vi. 遭遇；偶然相遇, [ɪn'kaʊntə; en-]
encountered, v. 遇到；曾遭遇（encounter的过去式）, [ɪn'kaʊntɚ]
encrypt, vt. 将……译成密码, [en'krɪpt]
endeavor, n. 努力；尽力（等于endeavour）
vi. 努力；尽力（等于endeavour）
vt. 努力；尽力（等于endeavour）, [ɪn'dɛvɚ]
enforcement, n. 执行，实施；强制, [ɪn'forsmənt]
engaged, adj. 使用中的，忙碌的
v. 保证；约定；同…订婚（engage的过去分词）, [ɪn'geɪdʒd; en-]
enhancements, n. 增强，增强功能（enhancement的复数形式）, [in'ha:nsmənts]
enormous, adj. 庞大的，巨大的；凶暴的，极恶的, [ɪ'nɔːməs]
enormously, adv. 巨大地，庞大地；非常地，在极大程度上, [ɪ'nɔːməslɪ]
entertain, vt.娱乐；招待；怀抱；容纳
vi.款待, [ˌentəˈteɪn]
entire, adj. 全部的，整个的；全体的, [ɪn'taɪə; en-]
entirely, adv. 完全地，彻底地, [ɪn'taɪəlɪ; en-]
equivalent, adj. 等价的，相等的；同意义的
n. 等价物，相等物, [ɪ'kwɪv(ə)l(ə)nt]
essential, adj. 基本的；必要的；本质的；精华的
n. 本质；要素；要点；必需品, [ɪ'senʃ(ə)l]
evaluate, vt. 评价；估价；求…的值
vi. 评价；估价, [ɪ'væljʊeɪt]
evalute, vt. 评定；核定, []
evil, adj. 邪恶的；不幸的；有害的；讨厌的
n. 罪恶，邪恶；不幸, ['iːv(ə)l; -vɪl]
evolving, adj. 进化的；展开的
v. 进化；展开（evolve的ing形式）, []
exactly, adv. 恰好地；正是；精确地；正确地, [ɪg'zæk(t)lɪ; eg-]
exceeded, adj. 非常的；过度的；溢出的
v. 超过（exceed的过去分词）；越出, [ɪk'sid]
exclusively, adv. 唯一地；专有地；排外地, [ɪk'skluːsɪvlɪ]
exhibit, vt. 展览；显示；提出（证据等）
n. 展览品；证据；展示会
vi. 展出；开展览会, [ɪg'zɪbɪt; eg-]
expiry, n. 满期，逾期；呼气；终结, [ɪk'spaɪrɪ; ek-]
explicit, adj. 明确的；清楚的；直率的；详述的, [ɪk'splɪsɪt; ek-]
exposure, n. 暴露；曝光；揭露；陈列, [ɪk'spəʊʒə; ek-]
external, n. 外部；外观；外面 
adj. 外部的；表面的；[药] 外用的；外国的；外面的, [ɪk'stɜːn(ə)l; ek-]
facilitates, v. 促进；帮助；使…容易（facilitate的第三人称单数形式） , []
fairly, adv. 相当地；公平地；简直
n. (Fairly)人名；(英)费尔利, ['feəlɪ]
familiarity, n. 熟悉，精通；亲密；随便, [fəmɪlɪ'ærɪtɪ]
feedback, n. 反馈；成果，资料；回复, ['fiːdbæk]
fees, n. 费用（fee的复数）；规费, []
fellow, n. 家伙；朋友；同事；会员 
adj. 同伴的，同事的；同道的 
vt. 使…与另一个对等；使…与另一个匹敌, ['feləʊ]
fence, n. 栅栏；围墙；剑术 vt. 防护；用篱笆围住；练习剑术 vi. 击剑；搪塞；围以栅栏；跳过栅栏 , 
firm, n. 公司；商号 
adj. 坚定的；牢固的；严格的；结实的 
vt. 使坚定；使牢固 
adv. 稳固地 
vi. 变坚实；变稳固, [fɜːm]
flexibility, n. 灵活性；弹性；适应性, [,fleksɪ'bɪlɪtɪ]
flexible, adj. 灵活的；柔韧的；易弯曲的, ['fleksɪb(ə)l]
flood, vt. 淹没；充满；溢出
vi. 涌出；涌进；为水淹没
n. 洪水；泛滥；一大批, [flʌd]
folks, n. （复数）人们, []
former, adj. 从前的，前者的；前任的
n. 模型，样板；起形成作用的人, ['fɔːmə]
fortunate, adj. 幸运的；侥幸的；吉祥的；带来幸运的, ['fɔːtʃ(ə)nət]
fragment, n. 碎片；片断或不完整部分
vt. 使成碎片
vi. 破碎或裂开, ['frægm(ə)nt]
fraud, n. 欺骗；骗子；诡计, [frɔːd]
frequently, adv. 频繁地，经常地；时常，屡次, ['friːkw(ə)ntlɪ]
frustrating, v. 使沮丧（frustrate的ing形式） 
adj. 令人沮丧的, [frʌ'streɪtɪŋ]
fundamental, adj. 基本的，根本的 
n. 基本原理；基本原则, [fʌndə'ment(ə)l]
futuristic, adj. 未来派的；未来主义的 , 
gadgets, n. 小配件；小工具（gadget的复数）, [gæ,dʒets]
gain, n. 增加；利润；收获
vt. 获得；增加；赚到
vi. 增加；获利, [geɪn]
gatekeepers, n. 门卫；信息传递者（gatekeeper的复数）, []
gaze, vi. 凝视；注视
n. 凝视；注视, [geɪz]
generality, n. 概论；普遍性；大部分, [dʒenə'rælɪtɪ]
generated, adj. 生成的；发生的
v. （使）产生（generate的过去分词）, ['dʒenə,reɪtɪd]
genuine, adj. 真实的，真正的；诚恳的, ['dʒenjʊɪn]
genuinely, adv. 真诚地；诚实地, ['dʒenjuinli]
gerund, n.动名词, [ˈdʒerənd]
giant, n. 巨人；伟人；[动] 巨大的动物 
adj. 巨大的；巨人般的, ['dʒaɪənt]
glimpse, n. 一瞥，一看
vi. 瞥见
vt. 瞥见, [glɪm(p)s]
go smoothly, 顺利；进展顺利, []
gradually, adv. 逐步地；渐渐地, ['grædʒʊlɪ; 'grædjʊəlɪ]
grasp, n. 抓住；理解；控制 
vi. 抓 
vt. 抓住；领会, [grɑːsp]
gravatar, 个人全球统一标识, []
greed, n. 贪婪，贪心, [griːd]
greenfield, n. 城镇四周未开发的地区
adj. 未开发地区的, ['ɡrinfild]
guarantee, n. 保证；担保；保证人；保证书；抵押品 
vt. 保证；担保, [gær(ə)n'tiː]
gyroscope, n. 陀螺仪；[航] 回转仪, ['dʒaɪrəskəʊp]
hailstones, n. 冰雹（hailstone的复数）, []
hamper, vt. 妨碍；束缚；使困累
n. 食盒，食篮；阻碍物, ['hæmpə]
haphazard, adj. 偶然的；随便的；无计划的
n. 偶然；偶然事件
adv. 偶然地；随意地, [hæp'hæzəd]
haphazardly, adv. 偶然地，随意地；杂乱地, [,hæp'hæzədli]
harmoniously, adv. 和谐地；调和地, [hɑr'monɪəsli]
have a crush on, 迷恋…, []
heroic, adj.英雄的；英勇的；记叙英雄及其事迹的；夸张的
n.史诗；英勇行为, [həˈrəʊɪk]
heuristic, n. 启发式教育法；探索性步骤
adj. 启发式的；探索的, [hjuə'ristik]
hierarchies, n. 阶层，层级；[数] 分层，分类, ['haɪərɑːkɪz]
hint, n. 暗示；线索
vt. 暗示；示意
vi. 示意, [hɪnt]
hooks, n. 钩子；[机] 挂钩（hook的复数） 
v. [机] 钩；钓（hook的第三人称单数）, []
humbly, adv. 谦逊地；卑贱地；低声下气地, ['hʌmbli]
hybrid, n. 杂种，混血儿；混合物
adj. 混合的；杂种的, ['haɪbrɪd]
hygiene, n. 卫生；卫生学；保健法, ['haɪdʒiːn]
hygienic, adj. 卫生的，保健的；卫生学的, [haɪ'dʒiːnɪk]
identical, adj. 同一的；完全相同的
n. 完全相同的事物, [aɪ'dentɪk(ə)l]
identifiable, adj. 可辨认的；可认明的；可证明是同一的, [aɪdentɪ'fæɪəb(ə)l]
ignorance, n. 无知，愚昧；不知，不懂, ['ɪgn(ə)r(ə)ns]
illustrate, vt. 阐明，举例说明；图解
vi. 举例, ['ɪləstreɪt]
impact, vt. 影响；撞击；冲突；压紧 
vi. 冲击；产生影响 
n. 影响；效果；碰撞；冲击力, ['ɪmpækt]
imperative, adj. 必要的，不可避免的；紧急的；命令的，专横的；势在必行的；[语]祈使的 n. 必要的事；命令；需要；规则；[语]祈使语气 , 
implicit, adj. 含蓄的；暗示的；盲从的, [ɪm'plɪsɪt]
in charge of, 负责；主管 , []
inability, n. 无能力；无才能, [ɪnə'bɪlɪtɪ]
inappropriately, adv. 不适当地, [,inə'prəupri:itli]
inbox, n. 收件箱, ['ɪnbɒks]
incrementally, adv. 递增地；增值地, [,inkri'məntəli]
incur, vt. 招致，引发；蒙受, [ɪn'kɜː]
indecipherable, adj. 无法解释的；破译不出的；难辨认的, [,ɪndɪ'saɪf(ə)rəb(ə)l]
indeed, adv. 的确；实在；真正地；甚至
int. 真的（表示惊讶、怀疑、讽刺等）, [ɪn'diːd]
indicate, vt. 表明；指出；预示；象征, ['ɪndɪkeɪt]
indie, adj. （摇滚、流行音乐、影片等）独立制作的，非大公司的；（流行乐队）追求非主流的 n. 独立制片公司；独立小公司的产品 , 
inessential, adj. 无关紧要的
n. 无关紧要的东西, [ɪnɪ'senʃ(ə)l]
inevitable, adj. 必然的，不可避免的, [ɪn'evɪtəb(ə)l]
infrastructure, n. 基础设施；公共建设；下部构造, ['ɪnfrəstrʌktʃə]
ingredient, n. 原料；要素；组成部分
adj. 构成组成部分的, [ɪn'griːdɪənt]
inheritance, n. 继承；遗传；遗产, [ɪn'herɪt(ə)ns]
insight, n. 洞察力；洞悉, ['ɪnsaɪt]
insomnia, n.失眠症，失眠, [ɪnˈsɒmniə]
instability, n. 不稳定（性）；基础薄弱；不安定, [ɪnstə'bɪlɪtɪ]
instant, adj. 立即的；紧急的；紧迫的 
n. 瞬间；立即；片刻, ['ɪnst(ə)nt]
instantiate, vt. 例示，举例说明, [ɪn'stænʃɪeɪt]
instilled, v. 徐徐滴入；逐渐灌输（instill的过去式）, []
instrument, n. 仪器；工具；乐器；手段；器械, ['ɪnstrʊm(ə)nt]
integration, n. 集成；综合, [ɪntɪ'greɪʃ(ə)n]
intelligence, n. 智力；情报工作；情报机关；理解力, [ɪn'telɪdʒ(ə)ns]
intelligible, adj. 可理解的；明了的；仅能用智力了解的, [ɪn'telɪdʒɪb(ə)l]
intent, n. 意图；目的；含义
adj. 专心的；急切的；坚决的, [ɪn'tent]
intentional, adj. 故意的；蓄意的；策划的, [in'tenʃənəl]
interact, vt. 互相影响；互相作用
vi. 互相影响；互相作用
n. 幕间剧；幕间休息, [ɪntər'ækt]
interleaved, n. 间叶层状 
adj. 隔行扫描的 
v. 交错，交叉存取（interleave的过去式）, [intə'livd]
introspection, n. 内省；反省, [ɪntrə(ʊ)'spekʃ(ə)n]
invariant, adj. 不变的
n. [数] 不变量；[计] 不变式, [ɪn'veərɪənt]
investigation, n. 调查；调查研究, [ɪn,vestɪ'geɪʃ(ə)n]
involve, vt. 包含；牵涉；使陷于；潜心于, [ɪn'vɒlv]
isolation, n. 隔离；孤立；[电] 绝缘；[化学] 离析, [aɪsə'leɪʃ(ə)n]
jail, n. 监狱；监牢；拘留所 
vt. 监禁；下狱, [dʒel]
judiciously, adv. 明智而审慎地；明断地, [dʒu:'diʃəsli]
junky, n. 吸毒者；毒品贩子；废旧品商人
adj. 无价值的；质量低劣的, ['dʒʌŋkɪ]
justification, n. 理由；辩护；认为有理，认为正当；释罪, [dʒʌstɪfɪ'keɪʃ(ə)n]
knock off, 击倒；停工；中断, []
knocked, v. 敲；使震惊；找岔子；碰击（knock的过去分词）, []
laundry, n. 洗衣店，洗衣房；要洗的衣服；洗熨；洗好的衣服, ['lɔːndrɪ]
leaf, n. 叶子；（书籍等的）一张；扇页
vi. 生叶；翻书页
vt. 翻…的页，匆匆翻阅, [liːf]
legacy, n. 遗赠，遗产, ['legəsɪ]
legislature, n. 立法机关；立法机构, ['ledʒɪslətʃə]
liabilities, n. [会计] 负债；债务（liability复数形式）；碍事的人或物, [,laɪə'bɪləti]
literary, adj. 文学的；书面的；精通文学的, ['litərəri]
loan, n. 贷款；借款
vi. 借出
vt. 借；借给, [ləʊn]
log, n.原木；（航海或飞行）日志；（定期或系统的）观察记录；船舶测速仪；对数
v.把（情况）载入航海（或飞行）日志；（船、飞机）达到（一定的航程、速度）；（飞行员）飞行（一定的时间）；对……作系统记录；采伐（林区）树木, [lɒɡ]
lullaby, n. 摇篮曲；催眠曲
vt. 唱摇篮曲使入睡, ['lʌləbaɪ]
malady, n. 弊病；疾病；腐败, ['mælədɪ]
manifest, n. 载货单，货单；旅客名单 
vt. 证明，表明；显示 
adj. 显然的，明显的；明白的 
vi. 显示，出现, ['mænɪfest]
mantra, n. 咒语（尤指四吠陀经典内作为咒文或祷告唱念的）；颂歌, ['mæntrə]
manually, adv. 手动地；用手, ['mænjʊəli]
marquee, n. 选取框；大天幕；华盖, [mɑː'kiː]
marriage, n. 结婚；婚姻生活；密切结合，合并, ['mærɪdʒ]
masterpiece, n. 杰作；绝无仅有的人, ['mɑːstəpiːs]
materialize, vt. 使具体化，使有形；使突然出现；使重物质而轻精神
vi. 实现，成形；突然出现, [mə'tɪrɪəlaɪz]
maturity, n. 成熟；到期；完备, [mə'tʃʊərətɪ]
measuring, n. 测量；衡量 
v. 测量（measure的ing形式） 
adj. 测量用的, ['meʒərɪŋ]
mechanics, n. 力学（用作单数）；结构；技术；机械学（用作单数）, [mɪ'kænɪks]
mechanism, n. 机制；原理，途径；进程；机械装置；技巧, ['mek(ə)nɪz(ə)m]
mention, vt. 提到，谈到；提及，论及；说起
n. 提及，说起, ['menʃ(ə)n]
mercurial, n. 汞剂；水银剂 
adj. 水银的；水星的；墨丘利神的；雄辩机智的；活泼善变的, [mɜː'kjʊərɪəl]
mess, n. 混乱；食堂，伙食团；困境；脏乱的东西
vt. 弄乱，弄脏；毁坏；使就餐
vi. 把事情弄糟；制造脏乱；玩弄, [mes]
metric, n. 度量标准 
adj. 公制的；米制的；公尺的, ['metrɪk]
migrations, [动][地质] 迁移, []
minutes, n. 分钟（minute的复数）；会议记录；备忘录
v. 把…记录在案；为…测定时间（minute的单三形式）, ['minits]
monetize, vt. 定为货币，使成为合法货币；铸造成货币, ['mʌnɪtaɪz]
motivates, v. 促使；刺激；给与动机（motivate的三单形式）, []
motivation, n. 动机；积极性；推动, [məʊtɪ'veɪʃ(ə)n]
nearly, adv. 差不多，几乎；密切地, ['nɪəlɪ]
negative, n. 否定；负数；[摄] 底片 
adj. [数] 负的；消极的；否定的；阴性的 
vt. 否定；拒绝, ['negətɪv]
nightmare, n.恶梦，噩梦；梦魇般的经历
adj.可怕的；噩梦似的, [ˈnaɪtmeə(r)]
nonprofit, adj. 非赢利的；不以赢利为目的的, [,nɑn'prɑfɪt]
notion, n. 概念；见解；打算 , []
notorious, adj. 声名狼藉的，臭名昭著的, [nə(ʊ)'tɔːrɪəs]
nuance, n. 细微差别, ['njuːɑːns]
obscure, adj. 模糊的；晦涩的；昏暗的
vt. 遮掩；使变暗；使难理解, [əb'skjʊə]
observation, n. 观察；监视；观察报告, [ɒbzə'veɪʃ(ə)n]
obsession, n. 痴迷；困扰；[内科][心理] 强迫观念, [əb'seʃ(ə)n]
occasion, n. 时机，机会；场合；理由
vt. 引起，惹起, [ə'keɪʒ(ə)n]
occasionally, adv. 偶尔；间或, [ə'keɪʒ(ə)n(ə)lɪ; ə'keɪʒ(ə)nəlɪ; ə'keɪʒən(ə)lɪ]
odor, n. 气味；名声, ['odɚ]
odors, 气味
名声（odor 的复数）, []
once upon a time, 从前, []
opposite, adj. 相反的；对面的；对立的
n. 对立面；反义词
prep. 在…的对面
adv. 在对面, ['ɒpəzɪt; -sɪt]
optimistic, adj. 乐观的；乐观主义的, [,ɑptɪ'mɪstɪk]
out of, 由于；缺乏；自…离开；用…（材料）, []
outburst, n. （火山、情感等的）爆发；破裂, ['aʊtbɜːst]
outfit, n. 机构；用具；全套装备
vi. 得到装备
vt. 配备；供应, ['aʊtfɪt]
outstanding, adj. 杰出的；显著的；未解决的；未偿付的
n. 未偿贷款, [aʊt'stændɪŋ]
outwardly, adv. 表面上；向外；外观上地, ['aʊtwədli]
overemphasize, vt. 过分强调
vi. 过分强调, [əʊvər'emfəsaɪz]
oxymoron, n. （修词中的）矛盾修饰法, [,ɒksɪ'mɔːrɒn]
pair, n. 一对，一双，一副
vt. 把…组成一对, [peə]
pajamas, n.睡衣；宽长裤, [pə'dʒɑːməz]
panacea, n. 灵丹妙药；万能药, [,pænə'siə]
paradigm, n. 范例；词形变化表, ['pærədaɪm]
paradigms, n. 范例，模范（paradigm的复数形式）, []
paradise, n. 天堂, ['pærədaɪs]
parallel, n. 平行线；对比 
adj. 平行的；类似的，相同的 
vt. 使…与…平行, ['pærəlel]
participants, n. 参与者（participant的复数形式）, [pɑː'tɪsɪp(ə)nts]
partnership, n.合伙；[经管] 合伙企业；合作关系；合伙契约, 
pave, vt. 铺设；安排；作铺设之用
n. (Pave)人名；(西、塞)帕韦, [peɪv]
peers, n. 平辈，同事（peer的复数） 
v. 凝视；比得上（peer的三单形式）, []
penalty, n. 罚款，罚金；处罚, ['pen(ə)ltɪ]
percentage, n. 百分比；百分率，百分数, [pə'sentɪdʒ]
perform, vt. 执行；完成；演奏 
vi. 执行，机器运转；表演, [pə'fɔːm]
personnel, n.人事部门；全体人员
adj.人员的；有关人事的, 
perspective, n. 观点；远景；透视图
adj. 透视的, [pə'spektɪv]
pervade, vt. 遍及；弥漫, [pə'veɪd]
petition, n. 请愿；请愿书；祈求；[法] 诉状 
vt. 请愿；请求；恳求 
vi. 请愿；请求, [pɪ'tɪʃ(ə)n]
phantom, n. 幽灵；幻影，幻觉；为欺诈而捏造的财务安排（或金融交易）；不明身份的人做的（非法的事） adj. 幽灵的，像鬼的；幻觉的，虚幻的；虚假的；（指责对象）身份不明的 , 
phases, n. 阶段，时期（phase的复数形式）
v. 逐步实行（phase的三单形式）, ['feɪsiːz]
phrase, n. 短语, 习语, 措辞, 乐句
vt. 措词, 将(乐曲)分成乐句, [freɪz]
pile, n. 堆；大量；建筑群
vt. 累积；打桩于
vi. 挤；堆积；积累, [paɪl]
pioneer, n. 先锋；拓荒者
vt. 开辟；倡导；提倡
vi. 作先驱, [paɪə'nɪə]
pivot, n. 枢轴；中心点；中心；旋转运动；基准兵；中锋；（篮球）持球转身策应 v. 以……为中心旋转；把……置于枢轴上；在枢轴上转动；随……转移 n. (Pivot) （法、美、意、英、瑞、俄）皮沃（人名） , []
plain, adj. 平的；简单的；朴素的；清晰的
n. 平原；无格式；朴实无华的东西
adv. 清楚地；平易地
n. (Plain)人名；(英)普莱恩；(法)普兰, [pleɪn]
plead, vt. 借口；为...辩护；托称 
vi. 恳求；辩护, [pliːd]
polymorphism, n. 多态性；多形性；同质多晶, [,pɒlɪ'mɔːfɪz(ə)m]
populate, vt. 居住于；构成人口；移民于；殖民于, ['pɒpjʊleɪt]
portability, n. [计] 可移植性；轻便；可携带性, [,pɔːtə'bɪlətɪ]
portion, n. 部分；一份；命运
vt. 分配；给…嫁妆, ['pɔːʃ(ə)n]
portray, vt. 描绘；扮演, [pɔː'treɪ]
predicate, n. 谓语，述语 
adj. 谓语的；述语的 
vt. 断定为…；使…基于 
vi. 断言，断定, ['predɪkət]
preserve, vt. 保存；保护；维持；腌；禁猎
n. 保护区；禁猎地；加工成的食品, [prɪ'zɜːv]
preserving, n. 保留，保存, [prɪ'zɝv]
previous, adj. 以前的；早先的；过早的
adv. 在先；在…以前, ['priːvɪəs]
primitive, adj. 原始的，远古的；简单的，粗糙的
n. 原始人, ['prɪmɪtɪv]
priorities, 优先顺序, []
priority, n. 优先；优先权；[数] 优先次序；优先考虑的事, [praɪ'ɒrɪtɪ]
profile, n. 侧面；轮廓；外形；剖面；简况 
vt. 描…的轮廓；扼要描述 
vi. 给出轮廓, ['prəʊfaɪl]
profoundly, adv. 深刻地；深深地；极度地, [prə'faʊndli]
prompt, adj. 敏捷的，迅速的；立刻的
vt. 提示；促进；激起；（给演员）提白
n. 提示；付款期限；DOS命令：改变DOS系统提示符的风格
adv. 准时地, [prɒm(p)t]
pros, n. 赞成者；赞成的意见（pro的复数） 
abbr. 舞台前部（proscenium）；诗体学（prosody）, [prəuz]
prosecute, vt. 检举；贯彻；从事；依法进行 
vi. 起诉；告发；作检察官, ['prɒsɪkjuːt]
proxy, n. 代理人；委托书；代用品, ['prɒksɪ]
psychic, adj. 精神的；心灵的；灵魂的；超自然的
n. 灵媒；巫师, ['saɪkɪk]
pull up, 拔起；停下来；阻止, []
quote, vt. 报价；引述；举证
vi. 报价；引用；引证
n. 引用, [kwəʊt]
racism, n. 种族主义，种族歧视；人种偏见, ['reɪsɪz(ə)m]
raising funds, 筹资, 
rating, n. 等级；等级评定；额定功率
v. 对…评价（rate的ing形式）
n. (Rating)人名；(德)拉廷, ['reɪtɪŋ]
raw, n. 擦伤处 
adj. 生的；未加工的；阴冷的；刺痛的；擦掉皮的；无经验的；（在艺术等方面）不成熟的 
vt. 擦伤 
n. (Raw)人名；(英)罗, [rɔː]
reaction, n. 反应，感应；反动，复古；反作用, [rɪ'ækʃ(ə)n]
recap, n. 翻新的轮胎
vt. 翻新胎面；扼要重述, ['ri:kæp, ri:'kæp]
receipt, n. 收到；收据；收入 
vt. 收到, [rɪ'siːt]
referee, n.裁判员；调解人；介绍人
vi.仲裁；担任裁判
vt.为…当裁判；调停, 
refine, vt. 精炼，提纯；改善；使…文雅, [rɪ'faɪn]
regarding, prep. 关于，至于, [rɪ'gɑːdɪŋ]
regardless, adj. 不管；不顾；不注意, [rɪ'gɑːdlɪs]
regardless of, 不顾，不管 , 
regret, n. 遗憾；抱歉；悲叹
vt. 后悔；惋惜；哀悼
vi. 感到后悔；感到抱歉, [rɪ'gret]
relatively, adv. 相当地；相对地，比较地, ['relətɪvlɪ]
relentlessly, adv. 残酷地，无情地, [rɪ'lɛntlɪslɪ]
reluctant, adj. 不情愿的；勉强的；顽抗的, [rɪ'lʌkt(ə)nt]
rely, vi. 依靠；信赖, [rɪ'laɪ]
remedy, vt. 补救；治疗；纠正
n. 补救；治疗；赔偿, ['remɪdɪ]
repetitive, adj. 重复的, [rɪ'petɪtɪv]
repositories, n. 贮藏室；资源丰富地区；智囊人物（repository的复数）, []
reputation, n. 名声，名誉；声望, [repjʊ'teɪʃ(ə)n]
resist, vi. 抵抗，抗拒；忍耐
vt. 抵抗；忍耐，忍住
n. [助剂] 抗蚀剂；防染剂, [rɪ'zɪst]
resort, n. 凭借，手段；度假胜地；常去之地 
vi. 求助，诉诸；常去；采取某手段或方法, [rɪ'zɔːt]
retain, vt. 保持；雇；记住, [rɪ'teɪn]
retrieve, vt. [计] 检索；恢复；重新得到
vi. 找回猎物
n. [计] 检索；恢复，取回, [rɪ'triːv]
ridiculous, adj. 可笑的；荒谬的, [rɪ'dɪkjʊləs]
rigorous, adj. 严格的，严厉的；严密的；严酷的, ['rɪg(ə)rəs]
robotic, adj.机器人的，像机器人的；自动的
n.机器人学, [roʊˈbɑːtɪk]
roughly, adv. 粗糙地；概略地, ['rʌflɪ]
sacrifice, n. 牺牲；祭品；供奉
vt. 牺牲；献祭；亏本出售
vi. 献祭；奉献, ['sækrɪfaɪs]
satellites, n.[天] 卫星，[航] 人造卫星（satellite复数形式）, ['sætl,laɪts]
satin, n. 缎子；缎子衣服 
adj. 光滑的；绸缎做的；似缎的, ['sætɪn]
scalability, n. 可扩展性；可伸缩性；可量测性, [,skeilə'biliti]
scenario, n. 方案；情节；剧本, [sɪ'nɑːrɪəʊ]
scheduled, adj. 预定的；已排程的
v. 安排（schedule的过去分词）；把…列表；把…列入计划, ['ʃedjuːld]
scheduling, n. 时序安排，行程安排
v. 把…列入计划；为…制定时间表（schedule的现在分词）, ['ʃɛdʒʊəlɪŋ]
scratch, n. 擦伤；抓痕；刮擦声；乱写
 adj. 打草稿用的；凑合的；碰巧的
 vt. 抓；刮；挖出；乱涂
 vi. 抓；搔；发刮擦声；勉强糊口；退出比赛, [skrætʃ]
semantics, n. [语] 语义学；语义论, [sɪ'mæntɪks]
set off, v. 出发；引起；动身；使爆炸；抵销；分开, [,set 'ɔf]
severities, 严重, []
sharp, adj. 急剧的；锋利的；强烈的；敏捷的；刺耳的
adv. 急剧地；锐利地；突然地
n. 尖头；骗子；内行
vt. 磨快；把音调升高
vi. 打扮；升音演奏, [ʃɑːp]
sharp contrast, 鲜明对比；强对比，强烈对比, []
sharpen, vt. 削尖；磨快；使敏捷；加重 
vi. 尖锐；变锋利, ['ʃɑːp(ə)n]
shield, n. 盾；防护物；保护者
vt. 遮蔽；包庇；避开；保卫
vi. 防御；起保护作用
n. (Shield)人名；(英)希尔德, [ʃiːld]
shift, n. 移动；变化；手段；轮班 
vt. 转移；改变；替换 
vi. 移动；转变；转换, [ʃɪft]
shred, n. 碎片；少量剩余；最少量；破布
vt. 切成条状；用碎纸机撕毁
vi. 撕碎, [ʃred]
sibling, n. 兄弟姊妹；民族成员, ['sɪblɪŋ]
sight, n. 视力；景象；眼界；见解
vt. 看见；瞄准
vi. 瞄准；观看
adj. 见票即付的；即席的, [saɪt]
signature, n. 署名；签名；信号, ['sɪgnətʃə]
significant, adj. 重大的；有效的；有意义的；值得注意的；意味深长的
n. 象征；有意义的事物, [sɪg'nɪfɪk(ə)nt]
silo, n. 筒仓；青贮窖；飞弹发射井 
vt. 把…存入青贮窖；把…储存在筒仓内, ['saɪləʊ]
simplification, n. 简单化；单纯化, [,sɪmplɪfɪ'keɪʃən]
sizeable, adj. 大的，相当大的, ['saɪzəbl]
skeleton, n. 骨架，骨骼；纲要；骨瘦如柴的人
adj. 骨骼的；骨瘦如柴的；概略的, ['skelɪt(ə)n]
sketch, n. 素描；略图；梗概
vt. 画素描或速写
vi. 画素描或速写, [sketʃ]
skip, n. 跳跃；跳读 
vt. 跳过；遗漏 
vi. 跳跃；跳绳；遗漏；跳读, [skɪp]
skull, n. 头盖骨，脑壳, [skʌl]
solitary, adj. 孤独的；独居的
n. 独居者；隐士, ['sɒlɪt(ə)rɪ]
sophisticated, adj. 复杂的；精致的；久经世故的；富有经验的
v. 使变得世故；使迷惑；篡改（sophisticate的过去分词形式）, [sə'fɪstɪkeɪtɪd]
sophistication, n. 复杂；诡辩；老于世故；有教养, [sə,fɪstɪ'keɪʃn]
span, n. 跨度，跨距；范围
vt. 跨越；持续；以手指测量
n. (Span)人名；(捷)斯潘, [spæn]
speculative, adj. 投机的；推测的；思索性的, ['spekjʊlətɪv]
spots, n. 斑点（spot的复数）；插播广告；花点布，点子花纹棉布；置球点, []
stability, n. 稳定性；坚定，恒心, [stə'bɪlɪtɪ]
stable, n. 马厩；牛棚 
adj. 稳定的；牢固的；坚定的 
vt. 赶入马房 
vi. 被关在马厩, ['steɪb(ə)l]
starred, adj. 担任主角的；用星装饰的；用星号标明的；受命运支配的 
v. 使担任主角（star的过去式）；用星（形物）装饰, [stɑːd]
steadily, adv. 稳定地；稳固地；有规则地, ['stedɪlɪ]
storing, n. 储存；保管 
v. 储存；供应（store的ing形式） 
adj. 存储的, ['stɔ:riŋ]
straightforward, adj. 简单的；坦率的；明确的；径直的
adv. 直截了当地；坦率地, [streɪt'fɔːwəd]
strategy, n. 战略，策略, ['strætɪdʒɪ]
stress, n. 压力；强调；紧张；重要性；重读
vt. 强调；使紧张；加压力于；用重音读, [stres]
stuck, v. 刺（stick的过去式）
adj. 被卡住的；不能动的, [stʌk]
stunning, adj. 极好的；使人晕倒的；震耳欲聋的
v. 把…打昏；使震耳欲聋；使大吃一惊（stun的ing形式）, ['stʌnɪŋ]
substantial, adj. 大量的；实质的；内容充实的 n. 本质；重要材料 , []
substitute, n. 代用品；代替者
vi. 替代
vt. 代替, ['sʌbstɪtjuːt]
subtle, adj. 微妙的；精细的；敏感的；狡猾的；稀薄的 , 
suck, vt. 吸吮；吸取
vi. 吸吮；糟糕；巴结
n. 吮吸, [sʌk]
sufficiently, adv. 充分地；足够地, [sə'fɪʃəntlɪ]
summon, vt. 召唤；召集；鼓起；振作 , []
supplement, n.增补（物）；补品；增刊；（书籍的）附录；额外服务费用；补角
v.增补，补充, 
suspect, n. 嫌疑犯
adj. 可疑的；不可信的
vt. 怀疑；猜想
vi. 怀疑；猜想, [sə'spekt]
suspicious, adj. 可疑的；怀疑的；多疑的, [sə'spɪʃəs]
sustainable, adj. 可以忍受的；足可支撑的；养得起的；可持续的 , []
sustained, adj. 持续的；持久的；持久不变的
v. 维持（sustain的过去式和过去分词）；承受, [sə'steɪnd]
syllable, n.音节，表示音节的符号；只言片语
v.一个一个音节地读, [ˈsɪləbl]
synchronous, adj. 同步的；同时的, ['sɪŋkrənəs]
tactician, n. 战术家；谋士, [tæk'tɪʃən]
technophile, n.技术爱好者
爱好技术的, [ˈteknəʊfaɪl]
tedious, adj. 沉闷的；冗长乏味的, ['tiːdɪəs]
the rest of, 其余的；剩下的, []
thus, adv. 因此；从而；这样；如此 
conj. 因此 
n. 乳香, [ðʌs]
ticking, n. 坚质条纹棉布或亚麻布；（指钟表发出的）滴答响声, ['tɪkɪŋ]
tight, adj. 紧的；密封的；绷紧的；麻烦的；严厉的；没空的；吝啬的
adv. 紧紧地；彻底地, [taɪt]
toddler, n. 学步的小孩；幼童装, ['tɒdlə]
tolerance, n. 公差；宽容；容忍；公差, ['tɒl(ə)r(ə)ns]
tolerate, vt. 忍受；默许；宽恕, ['tɒləreɪt]
toy, n. 玩具；小装饰品；不值钱的东西
vi. 玩弄；调情；随随便便地对待
adj. 作为玩具的；玩物似的, [tɒɪ]
trace, vi. 追溯；沿路走
vt. 追踪，查探；描绘；回溯
n. 痕迹，踪迹；微量；[仪] 迹线；缰绳, [treɪs]
trade-offs, n. 权衡（trade-off的复数）；交易；物物交换, []
transformation, n. [遗] 转化；转换；改革；变形, [trænsfə'meɪʃ(ə)n; trɑːns-; -nz-]
transient, adj. 短暂的；路过的;
n. 瞬变现象；过往旅客；候鸟, ['trænzɪrnt]
transparency, n. 透明，透明度；幻灯片；有图案的玻璃, [træn'spær(ə)nsɪ; trɑːn-; -'speə-]
transparent, adj. 透明的；显然的；坦率的；易懂的, [træn'spær(ə)nt; trɑːn-; -'speə-]
traverse, n. 穿过；横贯；横木;
vt. 穿过；反对；详细研究；在…来回移动;
vi. 横越；旋转；来回移动;
adj. 横贯的;
n. (Traverse)人名；(英)特拉弗斯；(法)特拉韦尔斯, [trə'vɝs]
traverser, n. 否认者；横越者；（铁路的）转盘 , []
trial, n. 试验；审讯；努力；磨炼 
adj. 试验的；审讯的, ['traɪəl]
tricky, adj. 狡猾的；机警的, ['trɪkɪ]
truism, n. 自明之理；老生常谈；老套；众所周知；真实性, ['truːɪz(ə)m]
tune, n. 曲调；和谐；心情;
vt. 调整；使一致；为…调音;
vi. [电子][通信] 调谐；协调;
n. (Tune)人名；(英)图恩, [tun]
twinkle, v.闪烁；（眼睛）闪亮，闪闪发光；发亮；轻快移动
n.（眼睛的）闪亮；欣喜的神情；闪烁, 
ultimately, adv. 最后；根本；基本上, ['ʌltɪmətlɪ]
unarmed, adj. 没有武装的；无武器的 
v. 缴械；解除…的武装（unarm的过去分词）, [ʌn'ɑːmd]
undertake, vt. 承担，保证；从事；同意；试图 , []
unification, n. 统一；一致；联合, [,juːnɪfɪ'keɪʃ(ə)n]
uninformative, adj. 不提供信息的；不增长见闻的, [ʌnɪn'fɔːmətɪv]
up to date, adj. 最新的；最近的；现代的, []
up-front, adj. 预先的；坦率的, ['ʌpfrʌnt]
up-front design, 预先设计, []
upgrade, n. 升级；上升；上坡 
vt. 使升级；提升；改良品种 
adj. 向上的 
adv. 往上, [ʌp'greɪd]
upside down, adv. 倒置地
adj. 颠倒的, []
vague, adj. 模糊的；含糊的；不明确的；暧昧的
n. (Vague)人名；(法)瓦格；(英)韦格, [veɪg]
variation, n. 变化；[生物] 变异，变种, [veərɪ'eɪʃ(ə)n]
vary, vi. 变化；变异；违反
vt. 改变；使多样化；变奏, ['veərɪ]
vast, adj. 广阔的；巨大的；大量的；巨额的
n. 浩瀚；广阔无垠的空间, [vɑːst]
vendors, n. 供应商，销售商（vendor的复数）, ['vendəz]
versus, prep. 对；与...相对；对抗, ['vɜːsəs]
vertical, n. 垂直线，垂直面 
adj. 垂直的，直立的；[解剖] 头顶的，顶点的, ['vɜːtɪk(ə)l]
visualize, vt. 形象，形象化；想像，设想 
vi. 显现, ['vizjuəlaiz]
vulnerabilities, n. 缺陷（vulnerability的复数形式）；脆弱点 , []
vulnerable, adj. 易受攻击的，易受…的攻击；易受伤害的；有弱点的, ['vʌln(ə)rəb(ə)l]
weapons, n. 武器（weapon的复数）；武装切换；斗争工具 
v. 武装（weapon的第三人称单数）, []
weed out, 清除；淘汰；除去, []
weeding, n. [农学] 除草；除杂草；（图书馆馆藏）汰旧更新
v. [农学] 除草（weed的现在分词）, []
whichever, pron. 任何一个；无论哪个
adj. 无论哪个；无论哪些, [wɪtʃ'evə]
whistle, n.口哨；汽笛；呼啸声；一套衣服；一手同花色牌
v.吹口哨；发啸叫声；吹哨示意；鸣汽笛；呼啸而行, 
whiz, n.飕飕声；奇才
vi.飕飕作声
vt.使飕飕作声, [hwɪz]
wired, adj. 接有电线的；以铁丝围起的；极其兴奋的
v. 以金属丝装；打电报给（wire的过去分词）, ['waɪəd]
wisdom, n. 智慧，才智；明智；学识；至理名言, ['wɪzdəm]
wisely, adv. 明智地；聪明地；精明地, ['waɪzli]
workshops, n. 工作坊，[工业] 车间；研习会，讲习班（workshop的复数形式）, []
yell, vi.大叫，叫喊
n.喊声，叫声
vt.喊叫着说, [jel]
yield, vt. 屈服；出产；放弃
vi. 屈服，投降
n. 产量；收益, [jiːld]